timestamp,open,high,low,close,volume,close_time,quote_av,trades,tb_base_av,tb_quote_av,ignore
2019-09-17,10170.0,10170.0,10170.0,10170.0,0.002,1568764799999,20.34,1,0.0,0.0,0
2019-09-18,10170.0,10170.0,10170.0,10170.0,0.0,1568851199999,0.0,0,0.0,0.0,0
2019-09-19,10170.0,10170.0,10170.0,10170.0,0.0,1568937599999,0.0,0,0.0,0.0,0
2019-09-20,10170.0,10170.0,10170.0,10170.0,0.0,1569023999999,0.0,0,0.0,0.0,0
2019-09-21,10170.0,10170.0,10170.0,10170.0,0.0,1569110399999,0.0,0,0.0,0.0,0
2019-09-22,10170.0,10170.0,10170.0,10170.0,0.0,1569196799999,0.0,0,0.0,0.0,0
2019-09-23,10170.0,10170.0,10170.0,10170.0,0.01,1569283199999,101.7,1,0.0,0.0,0
2019-09-24,9676.98,9676.98,7895.02,8570.86,81.193101,1569369599999,713946.7544,1603,45.751375,393216.8769,0
2019-09-25,8548.7,8723.64,8268.59,8439.02,30.195978,1569455999999,255802.586,847,16.485886,139842.0584,0
2019-09-26,8408.92,8452.45,7746.83,8059.86,41.977694,1569542399999,343711.2915,1417,21.733255,178022.6479,0
2019-09-27,8095.78,8273.24,7870.1,8189.2,36.264057,1569628799999,292165.0284,1035,20.477672,165072.7173,0
2019-09-28,8215.75,8346.39,8033.48,8205.15,27.436743,1569715199999,224881.2699,697,15.294444,125199.4004,0
2019-09-29,8205.71,8215.05,7921.99,8053.85,42.16643,1569801599999,339082.7296,961,19.554666,157443.0779,0
2019-09-30,8062.79,8331.92,7739.38,8302.29,71.594413,1569887999999,577096.7333,1560,35.086518,283249.5349,0
2019-10-01,8313.22,8516.0,8197.07,8315.83,64.778208,1569974399999,541756.6818,2069,32.979283,275641.3271,0
2019-10-02,8316.41,8386.35,8177.3,8382.26,36.112589,1570060799999,298212.1598,1264,21.426313,176928.1358,0
2019-10-03,8400.0,8405.99,8083.11,8236.17,51.401324,1570147199999,422332.4449,1736,27.905872,229039.1592,0
2019-10-04,8238.1,8243.13,8018.67,8160.76,62.795099,1570233599999,510883.8074,1507,32.909731,267849.2629,0
2019-10-05,8150.24,8195.25,8030.0,8143.94,29.506823,1570319999999,239375.1239,1191,9.526713,77289.7816,0
2019-10-06,8143.71,8167.68,7810.0,7873.9,77.049997,1570406399999,612328.4261,2219,29.637685,235158.1284,0
2019-10-07,7862.6,8300.0,7776.0,8214.01,93.788344,1570492799999,757670.5442,3433,51.849734,419597.0432,0
2019-10-08,8214.01,8344.03,8116.0,8187.39,70.918149,1570579199999,583868.3544,2466,29.490579,242845.3009,0
2019-10-09,8188.76,8682.77,8119.11,8587.41,90.339166,1570665599999,761609.6083,1847,53.857601,453754.8778,0
2019-10-10,8585.53,8651.0,8451.02,8587.45,72.40448,1570751999999,618850.9161,1707,32.156298,274834.8095,0
2019-10-11,8589.76,8804.57,8231.7,8266.85,87.747759,1570838399999,737764.3784,2148,51.537286,433230.1634,0
2019-10-12,8261.96,8404.94,8261.96,8305.3,27.424194,1570924799999,228588.2237,2017,10.138663,84487.2898,0
2019-10-13,8301.29,8466.68,8189.53,8284.31,46.987452,1571011199999,391688.9242,2589,26.111303,217688.7374,0
2019-10-14,8280.19,8389.82,8222.2,8351.63,77.117592,1571097599999,640828.311,3795,39.671759,329707.8534,0
2019-10-15,8351.63,8404.85,8115.59,8161.87,78.165376,1571183999999,644122.1844,4311,37.038534,305149.2806,0
2019-10-16,8161.87,8177.13,7925.01,7999.43,102.177178,1571270399999,820188.0289,4259,41.958932,336861.8404,0
2019-10-17,7999.85,8125.98,7936.86,8073.94,91.144532,1571356799999,731887.7124,4577,54.108723,434602.7792,0
2019-10-18,8077.47,8116.99,7826.97,7955.73,155.691239,1571443199999,1235501.0123,5408,89.811645,712098.0417,0
2019-10-19,7955.3,8092.44,7883.56,7950.0,104.55249,1571529599999,832364.0737,4530,52.481321,417948.8542,0
2019-10-20,7958.25,8307.04,7700.0,8234.03,157.968253,1571615999999,1276774.6337,5058,77.092698,622341.8988,0
2019-10-21,8235.79,8345.12,8156.94,8216.19,105.282256,1571702399999,865571.8575,5433,53.51844,440225.1316,0
2019-10-22,8213.48,8300.0,8003.0,8029.59,148.069951,1571788799999,1210517.7231,8275,66.675226,545491.8878,0
2019-10-23,8029.59,8056.41,7350.0,7476.1,389.244616,1571875199999,2963761.2143,20357,164.107176,1247519.3203,0
2019-10-24,7476.1,7500.03,7359.08,7430.0,243.024088,1571961599999,1809958.7104,30327,89.351941,665118.302,0
2019-10-25,7430.0,8780.0,7383.54,8672.52,552.198693,1572047999999,4530647.6596,31591,253.78488,2095968.071,0
2019-10-26,8666.9,10368.48,8222.0,9253.39,670.530974,1572134399999,6248215.3257,33970,339.240099,3156651.619,0
2019-10-27,9253.39,9808.08,9100.0,9556.23,483.55304,1572220799999,4584666.357,19300,204.370898,1937869.1266,0
2019-10-28,9550.81,9919.28,9201.24,9215.46,431.915588,1572307199999,4099781.1569,18503,198.578613,1885537.1109,0
2019-10-29,9221.07,9562.28,9102.9,9427.98,437.573265,1572393599999,4102390.9814,16550,203.113256,1903375.3858,0
2019-10-30,9427.82,9427.83,9002.1,9160.87,380.282733,1572479999999,3500363.3549,14347,187.900105,1730381.3356,0
2019-10-31,9162.77,9411.43,8955.12,9155.79,387.169331,1572566399999,3548484.9387,15441,167.417161,1535410.3901,0
2019-11-01,9153.71,9292.36,9055.59,9248.59,200.134803,1572652799999,1831628.1686,4730,108.120273,989923.7183,0
2019-11-02,9249.0,9372.82,9202.86,9309.78,98.951283,1572739199999,919558.7483,1541,58.962091,548123.3362,0
2019-11-03,9310.0,9375.46,9080.27,9204.57,72.384399,1572825599999,666443.6097,1410,36.228044,334064.1151,0
2019-11-04,9203.63,9555.02,9132.95,9417.76,119.061194,1572911999999,1115880.9249,2240,62.674296,586032.107,0
2019-11-05,9415.04,9476.29,9185.02,9303.95,115.105517,1572998399999,1073825.5745,2557,64.020478,597402.1362,0
2019-11-06,9318.64,9444.75,9252.22,9339.02,90.625902,1573084799999,845151.6016,2082,44.316737,413766.3556,0
2019-11-07,9342.69,9369.0,9088.33,9216.0,164.821206,1573171199999,1518758.042,2375,78.181103,720943.9017,0
2019-11-08,9202.95,9250.21,8666.08,8773.01,321.136497,1573257599999,2858955.8416,3844,157.892369,1401778.2722,0
2019-11-09,8765.0,8873.76,8729.26,8812.99,116.011805,1573343999999,1021926.9418,1873,48.869201,430799.8178,0
2019-11-10,8804.64,9135.32,8751.73,9041.91,119.173505,1573430399999,1064445.6376,2239,64.712323,577450.5426,0
2019-11-11,9050.0,9071.17,8613.0,8726.18,149.391729,1573516799999,1312380.5098,2236,58.937445,516470.6987,0
2019-11-12,8707.6,8863.5,8563.08,8811.55,164.740946,1573603199999,1436065.9061,2793,89.362114,779229.185,0
2019-11-13,8822.24,8835.04,8707.95,8766.78,85.253183,1573689599999,746167.2279,1916,37.873503,331460.9463,0
2019-11-14,8773.08,8784.51,8566.84,8637.1,126.897068,1573775999999,1097004.2542,2494,47.031318,406654.5388,0
2019-11-15,8632.95,8766.0,8388.0,8459.07,221.746205,1573862399999,1894265.0472,3385,117.619789,1005390.5941,0
2019-11-16,8463.79,8528.44,8430.77,8484.07,50.607771,1573948799999,429027.4979,1327,24.276345,205868.7655,0
2019-11-17,8485.83,8627.56,8373.96,8508.26,89.357152,1574035199999,761353.6359,2801,41.079066,350158.803,0
2019-11-18,8495.72,8501.58,8043.0,8175.14,173.56499,1574121599999,1429392.8179,6754,67.681735,556637.9047,0
2019-11-19,8170.52,8196.27,7993.46,8123.93,136.460384,1574207999999,1106241.1827,5644,67.171601,544574.8953,0
2019-11-20,8123.92,8219.0,8037.77,8083.95,120.561255,1574294399999,976998.8864,8250,36.400702,295408.3387,0
2019-11-21,8083.98,8113.29,7500.0,7619.68,411.331428,1574380799999,3173077.5672,8275,136.19846,1050051.2583,0
2019-11-22,7619.68,7716.24,6801.0,7286.89,733.623421,1574467199999,5326956.1931,14866,306.749839,2225205.3711,0
2019-11-23,7284.76,7359.16,7105.0,7324.23,145.56872,1574553599999,1055243.4962,6022,65.255302,473278.4424,0
2019-11-24,7335.0,7341.0,6870.58,6904.05,273.430643,1574639999999,1936759.7981,7685,132.520571,938382.8372,0
2019-11-25,6902.6,7379.71,6534.31,7129.82,391.325849,1574726399999,2709312.1703,12028,189.186305,1308506.3787,0
2019-11-26,7126.1,7336.57,7022.51,7173.0,209.095848,1574812799999,1494066.582,5595,112.687462,805851.1787,0
2019-11-27,7173.0,7673.08,6854.02,7518.74,443.554472,1574899199999,3247892.0144,9677,227.604985,1672689.8624,0
2019-11-28,7533.39,7648.47,7342.13,7430.23,232.150596,1574985599999,1744783.5432,6312,99.369751,747338.9538,0
2019-11-29,7419.23,7868.93,7410.15,7758.95,225.129569,1575071999999,1718262.1686,6464,110.23003,840235.683,0
2019-11-30,7753.68,7810.78,7460.3,7556.2,240.845223,1575158399999,1834944.2057,4517,108.327921,827105.7853,0
2019-12-01,7551.51,7551.51,7239.17,7400.4,272.194348,1575244799999,2004304.5537,5457,117.762374,866885.5065,0
2019-12-02,7410.41,7425.22,7163.2,7305.0,262.790423,1575331199999,1916117.228,6184,99.461913,725598.4652,0
2019-12-03,7305.0,7407.75,7236.6,7297.49,284.938112,1575417599999,2087337.4904,6354,146.619586,1074164.3164,0
2019-12-04,7296.08,7769.2,7083.52,7200.48,395.963753,1575503999999,2904101.5035,12098,185.288745,1362776.7219,0
2019-12-05,7201.49,7486.9,7154.07,7396.36,299.64882,1575590399999,2198735.3854,15126,140.074803,1030662.9856,0
2019-12-06,7382.55,7600.0,7309.13,7548.12,210.832046,1575676799999,1568386.7525,2580,112.655471,838951.7767,0
2019-12-07,7538.78,7631.58,7480.66,7503.18,148.31584,1575763199999,1117782.0887,2242,68.649025,517785.74,0
2019-12-08,7505.65,7577.14,7390.31,7522.85,92.068567,1575849599999,688984.3438,3334,35.617548,266726.087,0
2019-12-09,7522.16,7662.1,7291.28,7346.76,191.701999,1575935999999,1430777.5725,3319,93.181597,696175.9956,0
2019-12-10,7338.99,7399.16,7170.0,7228.51,182.42976,1576022399999,1328477.6349,4003,63.450863,463388.0597,0
2019-12-11,7225.99,7272.53,7129.0,7203.25,100.028931,1576108799999,722077.9336,2759,42.948911,310745.1692,0
2019-12-12,7203.25,7290.81,7083.52,7191.16,243.607602,1576195199999,1749966.0281,2627,111.478026,802378.6847,0
2019-12-13,7196.27,7310.24,7186.32,7253.54,121.801905,1576281599999,881245.8068,1899,63.501549,459152.0504,0
2019-12-14,7253.54,7268.67,6994.42,7063.86,179.419785,1576367999999,1279013.656,2895,69.687541,497411.3427,0
2019-12-15,7063.0,7200.4,7013.13,7122.21,188.713852,1576454399999,1341697.1723,2861,97.498697,694006.1302,0
2019-12-16,7123.27,7144.27,6831.66,6884.08,233.113945,1576540799999,1624253.9943,2339,75.903556,530664.4612,0
2019-12-17,6881.0,6937.21,6555.0,6619.03,366.81551,1576627199999,2461095.2086,3038,162.177521,1088592.6173,0
2019-12-18,6621.65,7439.99,6438.1,7284.4,594.700088,1576713599999,4090776.5494,6732,270.680961,1871407.1135,0
2019-12-19,7286.2,7377.64,7050.0,7150.68,303.347066,1576799999999,2176988.0225,3009,144.138407,1034712.9931,0
2019-12-20,7150.68,7214.71,7082.35,7185.68,200.885483,1576886399999,1437909.6266,1998,120.529068,863492.1522,0
2019-12-21,7186.4,7186.68,7116.81,7139.86,99.815654,1576972799999,713380.5364,1092,38.40975,274588.3622,0
2019-12-22,7139.86,7518.8,7127.64,7508.93,271.729449,1577059199999,1991099.5158,2691,142.807541,1046477.2063,0
2019-12-23,7512.29,7692.29,7251.14,7316.9,666.747112,1577145599999,4994681.8578,6355,322.171669,2414921.5008,0
2019-12-24,7315.48,7424.99,7159.55,7260.66,251.500096,1577231999999,1832198.1733,2477,123.858567,902584.2551,0
2019-12-25,7253.97,7260.84,7117.09,7194.81,125.055727,1577318399999,900345.8718,1390,60.387718,434659.5563,0
2019-12-26,7201.59,7428.9,7153.56,7196.71,544.440431,1577404799999,3931226.6738,5177,275.623358,1991589.5389,0
2019-12-27,7190.42,7248.99,7065.71,7243.19,119.947765,1577491199999,861991.0501,1429,51.488742,370383.7683,0
2019-12-28,7247.94,7342.73,7231.51,7298.73,239.178183,1577577599999,1744493.8321,3638,108.989932,795813.7232,0
2019-12-29,7291.2,7500.0,7273.52,7382.73,103.915582,1577663999999,766565.7575,2083,56.296081,415344.5325,0
2019-12-30,7380.0,7380.0,7203.25,7223.4,118.770321,1577750399999,864732.3427,1480,49.454826,360246.2165,0
2019-12-31,7216.32,7295.3,7119.03,7170.14,91.890398,1577836799999,659753.1068,1481,43.273351,310714.8642,0
2020-01-01,7157.89,7230.2,7152.4,7179.62,82.117836,1577923199999,589752.5872,1343,35.409755,254252.6694,0
2020-01-02,7172.85,7186.39,6906.33,6946.64,134.846719,1578009599999,948975.168,1802,75.595684,533476.4482,0
2020-01-03,6946.49,7400.0,6855.51,7322.74,200.076483,1578095999999,1447015.4587,2369,115.588327,834743.7536,0
2020-01-04,7336.14,7392.88,7262.64,7349.45,97.315281,1578182399999,712883.3287,911,36.323169,266603.8723,0
2020-01-05,7349.15,7488.93,7321.77,7353.97,187.059656,1578268799999,1390358.4784,1922,106.810624,795012.4721,0
2020-01-06,7346.51,7798.14,7341.37,7763.07,249.918431,1578355199999,1891704.6387,1891,153.955583,1166637.8213,0
2020-01-07,7768.45,8208.63,7742.74,8164.76,479.760076,1578441599999,3830828.0998,4859,242.470181,1936681.1519,0
2020-01-08,8158.74,8468.56,7874.89,8026.27,448.846507,1578527999999,3696648.7803,3926,208.591844,1719879.1119,0
2020-01-09,8045.34,8045.34,7750.67,7819.03,209.099449,1578614399999,1649357.5346,2210,94.234312,743110.6866,0
2020-01-10,7818.64,8194.36,7676.76,8186.8,303.35689,1578700799999,2412097.5685,3125,154.052895,1228684.0916,0
2020-01-11,8200.0,8300.47,7999.9,8021.12,254.538815,1578787199999,2069737.768,3157,113.839336,926798.899,0
2020-01-12,8015.88,8186.72,7961.01,8186.34,146.950272,1578873599999,1190838.3245,2270,71.829849,582679.3441,0
2020-01-13,8183.59,8188.95,8034.23,8101.49,116.088122,1578959999999,941104.6365,1750,52.10835,422630.5607,0
2020-01-14,8105.89,8892.72,8105.89,8848.94,683.04359,1579046399999,5868788.4096,8094,310.960893,2679178.2481,0
2020-01-15,8816.48,8900.0,8566.52,8817.71,341.286837,1579132799999,2987136.0624,5190,155.80738,1364482.3338,0
2020-01-16,8823.93,8848.34,8590.0,8727.76,231.55156,1579219199999,2009786.3733,3519,93.893643,815652.5589,0
2020-01-17,8722.38,9017.52,8664.0,8910.14,404.776766,1579305599999,3596787.7237,5070,148.804709,1319610.7554,0
2020-01-18,8884.45,8984.32,8814.07,8921.19,256.382237,1579391999999,2282114.876,5323,73.119533,651656.7597,0
2020-01-19,8921.18,9190.92,8430.54,8701.12,332.269651,1579478399999,2946029.8208,6280,137.559952,1226447.5961,0
2020-01-20,8702.14,8739.12,8515.27,8641.26,193.408889,1579564799999,1675807.8975,2013,45.012369,389492.5268,0
2020-01-21,8638.12,8767.89,8501.99,8737.46,197.953323,1579651199999,1711445.8108,2197,66.728606,577885.6813,0
2020-01-22,8727.29,8795.0,8570.52,8650.05,70.523194,1579737599999,611128.4519,1256,34.688898,300739.2935,0
2020-01-23,8660.0,8664.12,8281.04,8394.59,216.743854,1579823999999,1823658.194,4797,95.544414,803764.043,0
2020-01-24,8385.49,8513.66,8222.0,8431.66,154.781182,1579910399999,1295570.3928,7839,61.713811,517781.059,0
2020-01-25,8419.92,8430.2,8260.0,8320.43,89.18721,1579996799999,742072.0737,9396,43.461421,361589.3607,0
2020-01-26,8313.61,8604.14,8280.98,8593.66,103.135067,1580083199999,875376.8588,3332,57.751715,490283.86,0
2020-01-27,8594.25,8977.53,8564.02,8890.08,185.398803,1580169599999,1627757.6234,11903,88.107003,773168.1731,0
2020-01-28,8895.98,9407.42,8890.48,9381.1,287.40297,1580255999999,2614248.2836,8156,161.569149,1472782.1631,0
2020-01-29,9378.77,9419.0,9228.0,9268.09,271.820643,1580342399999,2536522.0208,16589,111.656888,1042189.2518,0
2020-01-30,9280.47,9564.69,9170.0,9498.38,250.131877,1580428799999,2348030.464,15240,112.251429,1054222.5297,0
2020-01-31,9493.5,9518.0,9196.33,9333.48,207.405504,1580515199999,1936285.8009,7758,95.111309,888317.1881,0
2020-02-01,9354.1,9451.88,9291.07,9382.02,101.548216,1580601599999,952949.6822,3962,43.591103,409214.2293,0
2020-02-02,9377.72,9473.13,9150.0,9326.45,202.613518,1580687999999,1894063.8878,5910,65.029521,608848.448,0
2020-02-03,9321.65,9620.0,9218.16,9284.63,278.11596,1580774399999,2603914.1743,20774,108.117917,1011367.8214,0
2020-02-04,9281.24,9350.0,9080.24,9167.22,276.949877,1580860799999,2548246.8402,14891,110.770806,1018998.3391,0
2020-02-05,9168.5,9764.23,9151.29,9618.16,405.76048,1580947199999,3856324.627,14164,207.792186,1971466.7465,0
2020-02-06,9622.07,9857.44,9523.0,9751.97,233.630967,1581033599999,2266062.6683,11374,111.036087,1078705.5513,0
2020-02-07,9759.89,9870.0,9716.99,9808.59,246.461271,1581119999999,2409768.3029,16163,99.649101,974591.2988,0
2020-02-08,9806.28,9950.0,9654.59,9902.64,289.060157,1581206399999,2842280.6357,17880,103.980238,1022302.3057,0
2020-02-09,9902.64,10174.75,9891.35,10174.75,414.715486,1581292799999,4168932.6822,21726,206.036432,2074524.0103,0
2020-02-10,10161.03,10200.0,9775.0,9854.85,272.133056,1581379199999,2709976.7387,8495,107.514874,1071771.4036,0
2020-02-11,9854.85,10388.43,9700.0,10272.26,349.552309,1581465599999,3520890.4881,10256,198.372115,1999480.9752,0
2020-02-12,10272.91,10540.39,10254.36,10350.75,227.407871,1581551999999,2354452.0103,10153,115.57121,1198028.9842,0
2020-02-13,10341.27,10515.67,10099.99,10235.79,478.181857,1581638399999,4913838.3967,11758,229.594583,2362056.0169,0
2020-02-14,10232.16,10393.04,10100.0,10365.73,225.789178,1581724799999,2317289.5083,7404,109.942549,1128936.5694,0
2020-02-15,10367.91,10396.47,9800.0,9904.42,273.418284,1581811199999,2746147.0103,10629,106.311687,1065560.8743,0
2020-02-16,9911.33,10053.01,9635.0,9929.62,283.108111,1581897599999,2792161.1748,12448,107.836373,1065129.8664,0
2020-02-17,9929.47,9968.59,9463.67,9702.49,325.20446,1581983999999,3154300.4183,21669,104.290948,1011807.3635,0
2020-02-18,9711.67,10272.99,9608.67,10180.0,347.956896,1582070399999,3449324.4809,17612,178.691692,1769916.7556,0
2020-02-19,10193.83,10300.0,9350.0,9599.72,518.047975,1582156799999,5147903.9456,11363,233.659672,2328898.0524,0
2020-02-20,9595.75,9706.64,9373.89,9607.08,294.300557,1582243199999,2814973.1314,6954,144.286909,1381672.5497,0
2020-02-21,9607.01,9773.04,9575.92,9697.35,192.053002,1582329599999,1860148.2877,5147,92.737727,898876.8235,0
2020-02-22,9690.5,9723.12,9563.67,9671.67,144.023047,1582415999999,1389849.4134,1995,68.025543,657082.911,0
2020-02-23,9665.44,10028.5,9665.44,9975.71,230.655156,1582502399999,2281389.5976,3072,98.48651,975104.954,0
2020-02-24,9973.53,10026.32,9491.47,9660.2,381.205603,1582588799999,3700893.6465,4655,158.694687,1541608.9471,0
2020-02-25,9668.05,9670.09,9250.0,9312.63,262.79398,1582675199999,2482957.8076,4237,111.073962,1049765.8164,0
2020-02-26,9305.15,9362.57,8644.07,8787.11,544.709043,1582761599999,4888428.237,9023,213.728845,1919832.2823,0
2020-02-27,8774.73,8974.97,8522.13,8810.94,479.312401,1582847999999,4208371.6589,7457,238.953859,2100657.5421,0
2020-02-28,8820.92,8900.0,8431.87,8706.17,504.172607,1582934399999,4367410.7461,6647,279.241987,2423165.7332,0
2020-02-29,8704.6,8801.06,8523.29,8523.29,200.561749,1583020799999,1740129.0098,3822,114.585316,994249.5475,0
2020-03-01,8522.74,8763.81,8409.0,8531.9,256.22295,1583107199999,2189925.1981,3412,128.108819,1095729.0345,0
2020-03-02,8516.58,8970.11,8483.87,8910.51,263.621053,1583193599999,2317271.1047,5790,167.392627,1469919.9405,0
2020-03-03,8915.0,8917.7,8657.0,8758.89,255.401921,1583279999999,2241397.4747,5052,132.159276,1159390.2333,0
2020-03-04,8760.51,8845.15,8669.49,8755.39,206.21278,1583366399999,1807430.8475,5958,115.76545,1014922.385,0
2020-03-05,8757.21,9165.2,8757.21,9075.85,310.880698,1583452799999,2803116.013,6684,196.546781,1771766.6035,0
2020-03-06,9062.78,9180.4,8994.72,9165.68,202.451481,1583539199999,1842527.2745,3828,128.860769,1173003.634,0
2020-03-07,9158.76,9225.0,8860.08,8895.31,239.142095,1583625599999,2160834.7256,3745,127.920602,1157473.4644,0
2020-03-08,8899.72,8899.72,8005.68,8034.91,416.91132,1583711999999,3507792.8333,7087,163.961647,1383428.0562,0
2020-03-09,8039.73,8184.8,7634.09,7930.0,563.662424,1583798399999,4431084.6555,6401,293.052283,2305861.5373,0
2020-03-10,7942.02,8149.0,7736.43,7883.3,411.966625,1583884799999,3269151.3836,4665,200.908179,1596724.1422,0
2020-03-11,7879.24,7988.44,7592.78,7938.42,362.735839,1583971199999,2829179.5697,3919,182.029192,1422459.6698,0
2020-03-12,7946.87,7962.52,4502.14,4891.93,2974.111966,1584057599999,18219862.0468,30291,1372.30813,8340044.5718,0
2020-03-13,4844.28,5969.0,3828.62,5610.81,1970.353672,1584143999999,9752013.4193,25542,1076.789423,5345734.0416,0
2020-03-14,5622.88,5665.88,5048.0,5170.6,448.81955,1584230399999,2421976.734,3814,214.720156,1157390.6247,0
2020-03-15,5156.62,5967.0,5118.59,5361.54,714.353628,1584316799999,3897583.1082,3969,331.64362,1809869.0495,0
2020-03-16,5340.0,5345.27,4400.0,5020.0,1082.269153,1584403199999,5318696.1362,5776,409.074396,2007302.7882,0
2020-03-17,5069.82,5567.88,4950.0,5353.0,667.06856,1584489599999,3542889.8547,4260,395.382199,2098641.3298,0
2020-03-18,5325.0,5447.69,5012.84,5410.88,924.805984,1584575999999,4884400.803,5595,510.876638,2707011.231,0
2020-03-19,5415.45,6428.45,5272.19,6189.4,1388.819537,1584662399999,8241426.7252,9927,750.870713,4462065.2528,0
2020-03-20,6182.41,6938.13,5689.55,6206.43,1480.006803,1584748799999,9415447.5325,11871,759.693138,4857761.9831,0
2020-03-21,6209.62,6467.89,5877.77,6192.74,681.15931,1584835199999,4221150.2235,5803,339.722726,2107554.3322,0
2020-03-22,6183.59,6416.54,5753.0,5823.99,772.186461,1584921599999,4685064.1321,6188,378.755671,2304422.9218,0
2020-03-23,5815.46,6632.6,5689.4,6502.01,1004.480435,1585007999999,6269564.6113,7972,564.849586,3536102.7365,0
2020-03-24,6500.53,6867.73,6407.69,6768.84,1012.420618,1585094399999,6733247.7913,9877,490.8846,3272361.0727,0
2020-03-25,6764.0,6987.0,6475.0,6701.1,907.075841,1585180799999,6054132.9967,9628,418.910008,2804837.0281,0
2020-03-26,6707.4,6801.33,6517.0,6760.85,700.846516,1585267199999,4685280.3374,7504,393.66039,2635210.0563,0
2020-03-27,6765.0,6871.9,6262.6,6370.28,737.156273,1585353599999,4892060.5525,7004,282.479083,1873994.9149,0
2020-03-28,6369.71,6370.28,6021.85,6250.2,665.578233,1585439999999,4132138.2977,7401,309.284066,1919869.4229,0
2020-03-29,6260.08,6278.0,5870.84,5875.0,628.676774,1585526399999,3792024.7138,5024,287.150864,1735926.9024,0
2020-03-30,5875.0,6628.5,5859.11,6404.48,929.577316,1585612799999,5862174.7639,7510,489.595106,3084768.9903,0
2020-03-31,6400.97,6526.64,6337.07,6424.06,460.101913,1585699199999,2970200.699,4080,231.123805,1493305.0319,0
2020-04-01,6424.06,6740.0,6161.02,6665.11,840.939244,1585785599999,5384111.5859,7559,446.938898,2866396.6032,0
2020-04-02,6675.37,7239.82,6579.55,6803.77,1123.126656,1585871999999,7642752.3378,12701,597.10924,4060833.1706,0
2020-04-03,6802.77,7044.47,6612.33,6739.29,647.983663,1585958399999,4423091.1807,9028,302.008596,2065166.9,0
2020-04-04,6733.47,7036.86,6653.88,6877.52,597.543287,1586044799999,4062002.8633,8462,302.667301,2059240.2905,0
2020-04-05,6882.0,6919.88,6678.67,6779.13,397.452041,1586131199999,2702547.449,4762,193.87989,1321218.6333,0
2020-04-06,6779.13,7360.75,6776.01,7349.62,1018.860295,1586217599999,7253471.9218,9500,499.457912,3552847.822,0
2020-04-07,7334.77,7470.36,7010.97,7200.6,996.564558,1586303999999,7261337.8649,9326,433.782175,3169196.2853,0
2020-04-08,7200.6,7422.35,7153.64,7369.59,516.598875,1586390399999,3778481.6221,6172,267.810874,1961513.0602,0
2020-04-09,7369.42,7383.0,7110.03,7294.87,489.472563,1586476799999,3563088.5271,6010,218.806383,1593778.4879,0
2020-04-10,7292.96,7301.84,6756.43,6870.47,814.631771,1586563199999,5664357.9495,11336,348.79138,2420659.0967,0
2020-04-11,6871.54,6950.0,6770.0,6892.6,259.894212,1586649599999,1782516.5214,4437,120.494655,827010.498,0
2020-04-12,6890.31,7198.21,6787.29,6900.05,424.813138,1586735999999,2981249.8749,6337,202.393165,1421358.3328,0
2020-04-13,6901.0,6909.02,6577.5,6859.91,624.453399,1586822399999,4216721.2123,9885,267.45458,1807689.2757,0
2020-04-14,6868.11,6998.3,6771.59,6871.49,376.243782,1586908799999,2593659.5494,6059,184.866938,1275072.3881,0
2020-04-15,6877.91,6938.66,6610.76,6627.63,365.537031,1586995199999,2470903.7092,7447,166.985162,1130064.3792,0
2020-04-16,6626.96,7214.77,6487.0,7112.0,979.116351,1587081599999,6802860.0173,15310,514.007709,3579552.3231,0
2020-04-17,7113.93,7151.0,7000.0,7036.77,340.636917,1587167999999,2410018.8837,6701,169.553389,1199977.9693,0
2020-04-18,7030.0,7304.99,7025.0,7260.0,312.751377,1587254399999,2250353.8926,5950,175.401122,1262332.2047,0
2020-04-19,7261.6,7272.0,7062.93,7130.72,240.463814,1587340799999,1722789.3679,5124,119.169284,854221.9053,0
2020-04-20,7132.79,7224.99,6753.54,6844.17,587.940489,1587427199999,4101330.4387,10803,255.943157,1788369.3512,0
2020-04-21,6832.56,6955.0,6772.0,6852.07,586.357851,1587513599999,4025985.0864,8989,295.407373,2029362.4965,0
2020-04-22,6850.35,7168.93,6826.55,7139.37,424.719849,1587599999999,2989532.4184,5668,268.132522,1889430.264,0
2020-04-23,7139.36,7760.0,7036.54,7485.17,772.054922,1587686399999,5722595.5425,10023,416.098675,3080767.6649,0
2020-04-24,7487.17,7658.58,7385.44,7510.29,489.288726,1587772799999,3681518.1575,6930,224.08255,1688728.8526,0
2020-04-25,7512.36,7732.44,7440.0,7546.38,433.928898,1587859199999,3279646.7559,6519,256.815076,1943348.9788,0
2020-04-26,7545.72,7707.02,7484.42,7702.31,390.285977,1587945599999,2968023.3593,6734,207.094253,1575745.9046,0
2020-04-27,7702.31,7802.31,7633.85,7790.32,411.177025,1588031999999,3172078.0133,7297,204.908913,1581732.2935,0
2020-04-28,7792.34,7792.34,7676.3,7760.0,209.772031,1588118399999,1622535.5836,4039,111.326314,861453.0804,0
2020-04-29,7755.01,8971.94,7720.0,8788.63,1554.017238,1588204799999,13173688.8581,22394,720.165726,6107328.8342,0
2020-04-30,8790.92,9465.8,8415.01,8628.94,1698.222295,1588291199999,15168482.556,22888,814.1449,7263968.2933,0
2020-05-01,8624.69,9073.05,8624.69,8828.27,717.823193,1588377599999,6311372.269,11492,331.71751,2920751.7331,0
2020-05-02,8830.96,9019.3,8768.59,8977.7,541.066865,1588463999999,4813176.2328,9024,277.860807,2472841.475,0
2020-05-03,8984.69,9203.97,8731.0,8896.89,802.497309,1588550399999,7212650.8774,14009,324.799802,2919179.4093,0
2020-05-04,8909.69,8959.9,8535.08,8883.75,621.490113,1588636799999,5454545.5058,12445,288.84446,2539336.6203,0
2020-05-05,8884.64,9115.0,8769.75,9028.74,516.557862,1588723199999,4614943.1264,13861,250.215199,2238082.5529,0
2020-05-06,9028.12,9417.73,8922.43,9148.74,728.099216,1588809599999,6696212.2786,15972,376.133442,3462521.5475,0
2020-05-07,9154.45,10084.87,9039.0,9997.06,1391.092957,1588895999999,13430129.6134,22806,722.575613,6982767.875,0
2020-05-08,9997.06,10048.74,9733.89,9820.75,794.36728,1588982399999,7879508.993,15792,337.017866,3345492.1462,0
2020-05-09,9820.47,9918.16,9521.54,9542.0,635.555111,1589068799999,6172123.5217,13944,281.343413,2729462.3258,0
2020-05-10,9539.52,9569.55,8073.93,8729.03,2058.112341,1589155199999,17821274.7939,36756,980.015611,8472340.4897,0
2020-05-11,8729.02,9167.39,8200.0,8566.32,1403.314302,1589241599999,12162168.9785,25322,641.535667,5570864.8382,0
2020-05-12,8571.62,8977.99,8534.42,8823.64,604.670584,1589327999999,5316395.5319,14201,293.840612,2585094.281,0
2020-05-13,8818.34,9411.0,8803.31,9323.37,816.654424,1589414399999,7449469.5565,15521,413.140006,3767638.2047,0
2020-05-14,9323.37,9931.92,9269.43,9796.48,1181.765969,1589500799999,11388558.8303,19836,590.815849,5694131.4476,0
2020-05-15,9796.99,9841.87,9106.48,9310.0,1257.169096,1589587199999,11901747.1777,18246,548.280333,5194619.8152,0
2020-05-16,9308.68,9582.35,9218.68,9386.31,507.016404,1589673599999,4765485.0001,10607,227.039874,2134290.0539,0
2020-05-17,9385.92,9889.88,9330.18,9676.35,706.264631,1589759999999,6815140.0698,11879,347.07768,3348450.0436,0
2020-05-18,9692.89,9949.33,9450.0,9725.84,929.217198,1589846399999,9039973.0063,16213,423.648378,4128471.3996,0
2020-05-19,9726.84,9890.0,9466.29,9783.0,645.957455,1589932799999,6244240.2444,12275,321.654049,3112763.6035,0
2020-05-20,9780.25,9832.0,9275.82,9512.39,700.740544,1590019199999,6717332.556,12043,328.772321,3153480.2502,0
2020-05-21,9506.63,9561.15,8800.0,9055.57,874.97111,1590105599999,7991602.167,14845,398.856311,3646632.353,0
2020-05-22,9054.75,9259.08,8934.0,9166.06,556.309475,1590191999999,5068984.2303,9744,278.647637,2537846.2199,0
2020-05-23,9166.06,9312.7,9087.11,9183.4,264.651102,1590278399999,2439152.1853,6010,132.287458,1219085.7827,0
2020-05-24,9183.4,9297.57,8688.0,8706.69,507.398787,1590364799999,4570583.5813,10221,203.341634,1836257.2152,0
2020-05-25,8711.44,9011.04,8634.85,8902.35,636.46142,1590451199999,5625343.347,10241,353.55242,3126972.5987,0
2020-05-26,8890.65,9005.64,8700.0,8841.2,314.451593,1590537599999,2780722.9647,7903,161.106412,1424665.2098,0
2020-05-27,8848.06,9225.1,8811.23,9203.0,372.456111,1590623999999,3379967.1362,8321,200.291224,1818044.1848,0
2020-05-28,9205.0,9625.0,9118.9,9580.0,632.123925,1590710399999,5941498.0189,11014,376.235927,3541540.7719,0
2020-05-29,9580.0,9607.6,9332.25,9420.89,410.957353,1590796799999,3886152.1818,8527,225.316728,2130829.5069,0
2020-05-30,9424.11,9750.0,9333.33,9704.0,577.417209,1590883199999,5511928.2566,9790,318.46723,3044902.0635,0
2020-05-31,9704.04,9708.0,9394.01,9447.28,350.703082,1590969599999,3344442.475,8591,164.415872,1568388.8945,0
2020-06-01,9447.5,10409.99,9414.55,10209.03,938.850566,1591055999999,9271444.1154,15684,490.102213,4840115.4475,0
2020-06-02,10209.03,10230.0,9269.13,9518.18,1117.562279,1591142399999,10906677.2942,18110,533.633521,5211844.0486,0
2020-06-03,9518.66,9683.39,9370.24,9664.51,377.046574,1591228799999,3602270.2897,8705,197.546861,1889026.6627,0
2020-06-04,9665.0,9880.0,9455.86,9788.35,431.780814,1591315199999,4191511.6443,10610,218.071391,2120788.0221,0
2020-06-05,9789.57,9851.6,9599.19,9618.43,369.258263,1591401599999,3590404.2515,7782,179.204353,1742552.9154,0
2020-06-06,9612.58,9733.69,9529.48,9675.0,292.877921,1591487999999,2818745.1694,5773,139.40923,1342719.39,0
2020-06-07,9670.25,9815.99,9380.0,9751.1,566.152475,1591574399999,5432900.402,8909,255.686091,2461252.2429,0
2020-06-08,9751.42,9820.11,9640.89,9778.0,348.921656,1591660799999,3393052.7985,7495,158.072699,1538678.7767,0
2020-06-09,9778.0,9881.0,9581.0,9785.75,612.097761,1591747199999,5945657.0171,9092,268.391301,2610768.4916,0
2020-06-10,9781.21,9999.03,9698.88,9893.35,538.128739,1591833599999,5286302.2957,9068,284.787241,2798516.5064,0
2020-06-11,9894.75,9970.0,9080.0,9266.87,1136.32088,1591919999999,10815112.7888,16200,477.944185,4550071.7612,0
2020-06-12,9265.0,9553.92,9233.87,9465.7,612.723056,1592006399999,5754521.0588,9587,328.219232,3083826.494,0
2020-06-13,9466.0,9490.0,9350.0,9472.51,253.833873,1592092799999,2393887.3282,5637,119.143502,1123966.1656,0
2020-06-14,9475.38,9480.0,9241.0,9336.41,249.704862,1592179199999,2340825.7714,6100,128.212786,1202507.456,0
2020-06-15,9335.64,9499.0,8899.9,9434.47,756.759639,1592265599999,6977854.9892,14705,364.390299,3365550.8313,0
2020-06-16,9428.44,9590.0,9384.1,9528.12,420.261246,1592351999999,3990434.4928,9104,213.781699,2029970.2405,0
2020-06-17,9528.86,9558.0,9233.87,9452.46,377.942895,1592438399999,3559356.4738,9113,156.903216,1479692.2832,0
2020-06-18,9459.0,9477.28,9273.0,9382.79,272.297351,1592524799999,2556914.1355,6978,123.28851,1158648.5187,0
2020-06-19,9376.28,9424.74,9233.87,9299.58,307.033137,1592611199999,2861369.8647,8493,132.236661,1233382.9718,0
2020-06-20,9290.25,9393.41,9159.0,9359.96,227.332282,1592697599999,2113372.6566,6693,117.763009,1096255.7995,0
2020-06-21,9359.5,9413.99,9274.94,9281.55,189.822129,1592783999999,1774038.5345,5386,96.584636,903093.9828,0
2020-06-22,9282.21,9781.0,9267.2,9690.02,430.710758,1592870399999,4107714.8233,7687,227.9193,2176437.8828,0
2020-06-23,9692.2,9719.0,9578.0,9621.54,283.450998,1592956799999,2733513.5655,6700,136.53577,1317015.7474,0
2020-06-24,9626.01,9662.99,9195.0,9286.65,474.974035,1593043199999,4454412.8753,8707,216.59188,2029401.994,0
2020-06-25,9286.74,9335.86,8988.05,9238.33,562.175835,1593129599999,5168608.7396,8747,256.866783,2364152.8975,0
2020-06-26,9246.21,9292.92,9030.89,9152.2,403.641927,1593215999999,3698047.8693,8223,187.215715,1715725.189,0
2020-06-27,9153.65,9188.99,8830.88,9005.66,361.5609,1593302399999,3263952.1085,6799,156.204017,1411310.8,0
2020-06-28,9001.75,9187.73,8930.16,9117.0,231.584591,1593388799999,2099128.7911,5003,114.006877,1032635.8071,0
2020-06-29,9117.01,9233.0,9010.0,9183.34,350.691936,1593475199999,3199705.7339,5670,193.758666,1769625.7634,0
2020-06-30,9190.54,9199.45,9061.51,9138.84,231.979798,1593561599999,2122150.3668,4971,120.012085,1098402.8863,0
2020-07-01,9137.3,9297.77,9086.0,9240.52,335.101226,1593647999999,3085955.3718,6813,165.845305,1527799.6024,0
2020-07-02,9237.47,9266.25,8938.64,9089.08,435.985968,1593734399999,3978932.4723,8003,194.143348,1771191.6407,0
2020-07-03,9090.72,9125.97,9043.0,9063.67,252.342172,1593820799999,2294376.5809,4826,123.267554,1120871.3779,0
2020-07-04,9060.95,9198.85,9045.6,9139.03,192.442831,1593907199999,1753332.6639,4742,110.426032,1006824.0745,0
2020-07-05,9139.68,9146.26,8910.0,9075.55,204.342376,1593993599999,1849538.041,4458,92.276935,835242.4865,0
2020-07-06,9075.55,9369.26,9062.5,9345.74,489.761128,1594079999999,4530021.4059,5926,236.831184,2190642.579,0
2020-07-07,9346.67,9380.0,9202.02,9260.66,294.98635,1594166399999,2734457.5446,6521,142.31783,1318828.5022,0
2020-07-08,9259.11,9476.44,9233.86,9437.02,452.996043,1594252799999,4243017.6072,7677,237.384212,2223068.1651,0
2020-07-09,9437.02,9445.0,9163.01,9237.66,292.354337,1594339199999,2712729.8568,5685,126.085715,1170540.4985,0
2020-07-10,9236.4,9313.48,9124.0,9286.47,290.980535,1594425599999,2677996.6635,7942,144.101931,1327335.9552,0
2020-07-11,9286.94,9300.4,9182.84,9236.98,173.01525,1594511999999,1597644.605,5082,82.850224,764909.6824,0
2020-07-12,9235.87,9341.0,9161.0,9301.0,270.752575,1594598399999,2504769.3125,7905,154.888446,1433475.1607,0
2020-07-13,9301.0,9334.0,9197.0,9238.21,393.191553,1594684799999,3647369.6564,8831,202.349724,1878373.4456,0
2020-07-14,9233.46,9277.77,9106.98,9257.99,319.42744,1594771199999,2942010.3278,6140,181.125881,1667650.1922,0
2020-07-15,9258.0,9277.99,9149.09,9192.91,303.727091,1594857599999,2799509.2871,5190,177.410817,1635751.6371,0
2020-07-16,9191.55,9214.45,9034.14,9131.99,258.808699,1594943999999,2361613.9764,6379,116.672958,1065403.583,0
2020-07-17,9131.67,9181.99,9076.81,9157.15,242.094702,1595030399999,2214014.2484,5196,122.31419,1118346.3439,0
2020-07-18,9157.29,9205.99,9121.5,9174.5,186.860135,1595116799999,1712836.1147,3792,108.051415,991279.5103,0
2020-07-19,9173.47,9238.47,9105.84,9214.7,193.612235,1595203199999,1773328.631,4151,118.486281,1085120.7614,0
2020-07-20,9212.87,9225.0,9130.18,9159.0,248.378932,1595289599999,2278395.1653,5194,128.700568,1180531.8263,0
2020-07-21,9159.0,9440.0,9158.33,9392.76,344.074561,1595375999999,3210173.3961,6698,186.270434,1737642.2237,0
2020-07-22,9394.15,9563.53,9285.0,9535.0,366.490915,1595462399999,3452800.2051,7137,201.6845,1898961.7292,0
2020-07-23,9534.2,9680.0,9459.9,9611.77,650.007464,1595548799999,6207263.6059,9059,246.019403,2351965.825,0
2020-07-24,9614.47,9649.31,9477.57,9554.69,558.761473,1595635199999,5345739.7746,18151,243.173632,2326231.2376,0
2020-07-25,9554.69,9745.01,9541.08,9703.09,372.907714,1595721599999,3596717.6161,9068,182.472296,1761019.551,0
2020-07-26,9712.46,10200.0,9662.41,9940.94,834.290114,1595807999999,8311677.3589,11664,398.435404,3962916.142,0
2020-07-27,9940.94,11411.56,9936.64,11043.1,2385.959206,1595894399999,25388876.6596,23704,1218.303651,12974343.3091,0
2020-07-28,11050.45,11264.49,10591.04,10929.06,1330.497338,1595980799999,14613333.1405,16977,586.07244,6447777.3289,0
2020-07-29,10930.23,11355.0,10855.35,11118.0,650.887445,1596067199999,7246605.5846,12624,321.838427,3583702.1813,0
2020-07-30,11118.0,11183.38,10836.09,11116.0,491.136005,1596153599999,5422373.5851,10097,223.318123,2465070.2285,0
2020-07-31,11119.44,11460.42,10968.54,11348.0,755.312503,1596239999999,8503009.6122,12125,370.733636,4172018.4664,0
2020-08-01,11352.22,11884.0,11238.66,11820.0,787.965198,1596326399999,9165765.9365,15864,386.133678,4492997.1035,0
2020-08-02,11808.15,12117.08,10632.0,11060.47,1137.855189,1596412799999,12893013.0983,19450,512.423565,5807703.5771,0
2020-08-03,11068.8,11483.61,10936.28,11237.13,480.807908,1596499199999,5409921.8728,12025,210.169849,2367882.243,0
2020-08-04,11235.52,11415.99,11013.9,11190.18,354.615848,1596585599999,3980902.2109,11004,146.55949,1645385.8423,0
2020-08-05,11199.04,11799.99,11098.58,11763.75,730.452968,1596671999999,8446481.8835,14308,335.663325,3872868.4295,0
2020-08-06,11763.74,11916.38,11572.76,11771.24,660.146651,1596758399999,7772530.0952,15422,327.759193,3857296.0426,0
2020-08-07,11771.75,11912.93,11473.57,11600.53,495.582308,1596844799999,5799092.429,10639,209.367418,2450320.2847,0
2020-08-08,11603.56,11814.12,11535.17,11772.5,410.47144,1596931199999,4800117.3687,9373,202.404788,2367205.9567,0
2020-08-09,11768.27,11810.88,11535.16,11692.08,307.789263,1597017599999,3587659.0132,6920,137.56802,1604895.7819,0
2020-08-10,11692.48,12080.64,11512.01,11901.4,979.615707,1597103999999,11650070.4299,12189,502.761835,5975785.2988,0
2020-08-11,11901.05,11943.17,11127.37,11389.42,830.122036,1597190399999,9565167.6293,14499,364.726591,4194961.5857,0
2020-08-12,11386.43,11623.2,11159.45,11565.32,531.453688,1597276799999,6093573.9004,9221,277.065494,3178485.0418,0
2020-08-13,11565.9,11800.0,11275.0,11789.04,601.151584,1597363199999,6957712.4972,10367,283.41643,3284358.6998,0
2020-08-14,11794.0,11862.37,11652.47,11775.99,405.988228,1597449599999,4780008.3285,8649,209.489755,2467071.0821,0
2020-08-15,11776.98,11992.05,11691.0,11856.6,422.24646,1597535999999,5016266.6916,8323,211.700377,2517055.2169,0
2020-08-16,11854.65,11940.0,11700.0,11920.0,247.602874,1597622399999,2933760.7951,5534,127.807953,1514969.8637,0
2020-08-17,11919.12,12482.62,11779.95,12293.6,878.349669,1597708799999,10721820.766,11709,478.273448,5841335.6312,0
2020-08-18,12296.07,12394.9,11822.7,11955.51,662.695811,1597795199999,8001614.9951,11494,292.959102,3543440.152,0
2020-08-19,11954.94,12022.3,11577.0,11748.16,638.868937,1597881599999,7518174.7204,13456,252.513956,2970426.0243,0
2020-08-20,11755.43,11893.38,11670.89,11866.4,366.671701,1597967999999,4327575.8349,8437,200.318269,2364617.3325,0
2020-08-21,11861.68,11888.5,11483.0,11523.64,563.322097,1598054399999,6586606.4063,11006,233.420243,2729691.4333,0
2020-08-22,11523.64,11696.91,11363.47,11675.63,275.981928,1598140799999,3185952.9387,6742,133.397238,1540245.7321,0
2020-08-23,11676.22,11713.6,11519.11,11650.51,264.541449,1598227199999,3074748.5668,6855,123.923359,1441626.9022,0
2020-08-24,11651.95,11826.99,11589.76,11752.62,298.406995,1598313599999,3498877.5487,6705,135.873424,1594861.937,0
2020-08-25,11751.36,11768.75,11118.88,11323.22,535.423548,1598399999999,6099460.1348,12357,206.699507,2355382.7941,0
2020-08-26,11320.72,11541.5,11250.03,11457.53,314.547908,1598486399999,3592126.0785,8444,158.217137,1807996.6975,0
2020-08-27,11465.62,11591.4,11125.0,11309.93,462.17709,1598572799999,5235465.8417,10224,210.345899,2381313.5618,0
2020-08-28,11325.8,11546.0,11276.93,11532.71,345.287947,1598659199999,3954520.0205,9497,164.509552,1885348.1328,0
2020-08-29,11532.27,11582.5,11421.43,11476.97,196.588717,1598745599999,2261866.3291,7902,74.555374,857833.6611,0
2020-08-30,11473.76,11719.27,11464.36,11717.95,236.188661,1598831999999,2744211.2983,7786,101.675255,1181742.228,0
2020-08-31,11718.46,11783.07,11566.0,11650.6,326.414823,1598918399999,3821808.9938,10497,192.719882,2259041.4169,0
2020-09-01,11651.1,12059.26,11516.95,11926.36,565.216274,1599004799999,6704313.2668,16059,273.891818,3250398.7651,0
2020-09-02,11922.04,11958.11,11182.71,11402.32,720.253696,1599091199999,8248361.8127,13746,334.444091,3820498.2656,0
2020-09-03,11401.03,11471.99,10010.02,10164.0,1403.762555,1599177599999,15106467.9583,18665,595.416594,6380113.6593,0
2020-09-04,10159.79,10631.27,9910.01,10471.0,867.141905,1599263999999,8984721.6486,14423,339.942276,3523320.7795,0
2020-09-05,10470.22,10567.56,9822.59,10163.98,818.475823,1599350399999,8305179.1349,15094,312.118013,3162315.3242,0
2020-09-06,10163.09,10350.0,9991.74,10256.99,401.840713,1599436799999,4090427.481,9319,120.410885,1227616.3955,0
2020-09-07,10254.66,10404.57,9875.43,10370.52,476.40323,1599523199999,4825087.2978,8051,150.214272,1527509.3144,0
2020-09-08,10370.78,10437.4,9835.0,10119.45,474.527061,1599609599999,4781681.3864,9314,237.55325,2394315.7457,0
2020-09-09,10122.2,10344.59,9977.75,10223.97,274.30102,1599695999999,2800600.4697,6196,138.608636,1415874.5506,0
2020-09-10,10219.81,10486.36,10216.32,10342.53,315.003539,1599782399999,3258151.8871,9349,142.686694,1477169.3405,0
2020-09-11,10337.07,10403.09,10202.0,10398.87,203.204595,1599868799999,2095010.4982,5902,109.550403,1129842.6444,0
2020-09-12,10395.16,10486.0,10275.0,10442.65,343.144237,1599955199999,3557382.8654,11752,148.918939,1544937.7061,0
2020-09-13,10441.7,10577.82,10201.62,10329.39,527.570418,1600041599999,5455231.6517,12975,177.573795,1837030.7125,0
2020-09-14,10330.97,10750.0,10252.11,10669.24,404.100575,1600127999999,4268499.5953,7716,190.844593,2019061.8603,0
2020-09-15,10672.14,10931.13,10622.35,10786.41,525.976215,1600214399999,5676503.5686,9101,261.267897,2819068.9222,0
2020-09-16,10786.71,11094.39,10665.47,10946.08,484.002046,1600300799999,5288117.2872,7878,242.398908,2651352.9902,0
2020-09-17,10952.97,11043.88,10750.0,10940.98,414.707548,1600387199999,4512737.364,8094,189.849382,2066204.3066,0
2020-09-18,10944.34,11038.54,10812.4,10932.54,330.622147,1600473599999,3608268.1936,9270,151.584456,1654804.2638,0
2020-09-19,10932.54,11183.82,10889.93,11082.69,306.507738,1600559999999,3379736.8644,7942,160.062262,1765350.4106,0
2020-09-20,11081.56,11082.69,10759.55,10914.54,242.5368,1600646399999,2641635.2775,5744,81.222508,885465.0426,0
2020-09-21,10919.59,10991.0,10299.0,10408.38,468.257362,1600732799999,4947865.9959,8749,211.1544,2233672.677,0
2020-09-22,10416.2,10571.9,10350.0,10530.97,247.855411,1600819199999,2595809.2243,5012,135.157786,1416014.0633,0
2020-09-23,10530.18,10538.77,10140.0,10234.87,345.766451,1600905599999,3580402.2509,7225,178.685598,1852594.7036,0
2020-09-24,10239.06,10810.51,10193.0,10747.68,353.459253,1600991999999,3715675.5607,6470,200.426205,2108426.3183,0
2020-09-25,10739.69,10760.23,10554.42,10691.07,335.400443,1601078399999,3574916.3696,7353,157.399998,1679326.6427,0
2020-09-26,10703.09,10825.0,10653.12,10748.0,122.470394,1601164799999,1313530.1859,3714,66.388848,712218.3999,0
2020-09-27,10730.96,10805.0,10595.68,10773.47,145.818449,1601251199999,1562798.9565,3092,81.590694,875456.284,0
2020-09-28,10777.38,10950.07,10630.06,10691.39,376.267479,1601337599999,4082143.8255,5788,187.036412,2029401.1823,0
2020-09-29,10677.46,10860.64,10635.45,10843.87,276.192528,1601423999999,2965823.2527,4192,119.782244,1287880.352,0
2020-09-30,10847.17,10849.87,10661.4,10772.19,188.993869,1601510399999,2029721.4416,4536,81.840469,879872.2845,0
2020-10-01,10778.0,10921.92,10444.0,10619.79,463.106596,1601596799999,4941825.7123,7922,204.187573,2185256.3382,0
2020-10-02,10597.33,10660.0,10381.01,10573.47,346.094649,1601683199999,3637207.7905,6003,186.22509,1957906.4802,0
2020-10-03,10577.18,10606.5,10502.67,10547.09,112.027203,1601769599999,1182200.2401,3306,65.637859,692584.9636,0
2020-10-04,10548.66,10698.62,10521.86,10673.13,103.741243,1601855999999,1101781.7973,3535,69.653926,739640.7065,0
2020-10-05,10665.0,10795.21,10624.07,10795.0,197.892726,1601942399999,2120773.617,5811,119.19085,1277960.5567,0
2020-10-06,10800.0,10804.5,10526.85,10603.41,242.512365,1602028799999,2583994.5957,6707,127.264884,1356147.2102,0
2020-10-07,10602.89,10682.56,10550.0,10673.31,160.135222,1602115199999,1701890.079,4983,110.696452,1176814.3507,0
2020-10-08,10671.03,10956.4,10540.0,10922.54,295.796349,1602201599999,3195571.8759,7412,172.744529,1867728.7783,0
2020-10-09,10929.15,11107.33,10829.52,11057.78,352.237776,1602287999999,3883990.8303,6519,177.356947,1954547.8206,0
2020-10-10,11057.78,11485.22,11057.22,11302.08,363.378561,1602374399999,4117669.4984,8318,192.870067,2183899.809,0
2020-10-11,11299.95,11436.95,11279.0,11373.11,238.169672,1602460799999,2707107.1568,3849,113.691907,1294197.6947,0
2020-10-12,11371.03,11724.93,11170.0,11540.0,488.239703,1602547199999,5608766.4408,6977,259.409497,2981795.3066,0
2020-10-13,11534.52,11556.85,11312.24,11424.39,315.307969,1602633599999,3604537.9914,7929,102.738563,1174065.4711,0
2020-10-14,11424.96,11550.0,11295.84,11426.86,249.854618,1602719999999,2849156.9251,7237,112.669466,1285466.4791,0
2020-10-15,11422.81,11630.57,11264.82,11502.53,266.496116,1602806399999,3051301.8021,5869,149.448315,1712117.6408,0
2020-10-16,11506.99,11545.0,11202.85,11327.07,453.431228,1602892799999,5145125.4308,7562,188.831786,2145125.5606,0
2020-10-17,11326.72,11415.86,11267.67,11365.93,121.109808,1602979199999,1373537.7861,4443,52.256789,592900.8035,0
2020-10-18,11366.13,11518.88,11351.35,11512.05,133.333762,1603065599999,1525512.6117,3680,83.768337,958328.3736,0
2020-10-19,11513.48,11825.0,11417.41,11759.41,352.704925,1603151999999,4111520.6914,7431,227.073943,2648313.2743,0
2020-10-20,11760.18,12049.38,11683.3,11923.58,492.696346,1603238399999,5853412.3319,10929,240.76118,2861963.6495,0
2020-10-21,11923.58,13237.86,11903.18,12813.46,1332.090482,1603324799999,16829716.1017,16469,685.03464,8656675.507,0
2020-10-22,12805.4,13199.34,12680.01,12985.46,679.951362,1603411199999,8805702.684,12038,306.013437,3965852.7809,0
2020-10-23,12986.28,13020.01,12725.7,12939.91,417.348711,1603497599999,5387621.9833,9815,215.401801,2781920.6596,0
2020-10-24,12934.1,13174.99,12886.56,13125.58,223.151558,1603583999999,2913882.8586,7789,114.540354,1496251.2165,0
2020-10-25,13124.06,13362.1,12880.0,13031.14,373.824781,1603670399999,4891025.4626,9279,181.2043,2369481.7947,0
2020-10-26,13044.15,13240.0,12786.58,13071.89,409.75872,1603756799999,5332795.4932,5923,188.260489,2454573.9257,0
2020-10-27,13067.75,13790.6,13063.93,13645.3,714.167499,1603843199999,9634741.6675,15372,342.95027,4621760.9608,0
2020-10-28,13645.81,13868.0,12884.45,13282.63,700.815454,1603929599999,9366130.7556,15511,322.272903,4301563.7341,0
2020-10-29,13274.97,13644.99,12987.19,13462.62,464.43451,1604015999999,6203962.9346,12136,246.997929,3305261.5398,0
2020-10-30,13463.3,13675.0,13129.19,13561.23,450.880719,1604102399999,6058124.8427,9576,240.831255,3241854.3252,0
2020-10-31,13572.71,14100.0,13429.63,13805.0,454.6937,1604188799999,6263421.8358,6927,228.08835,3143960.0924,0
2020-11-01,13801.35,13900.0,13632.01,13763.67,235.942765,1604275199999,3247295.6935,6547,100.162692,1379050.7793,0
2020-11-02,13766.3,13836.85,13218.36,13567.0,387.911013,1604361599999,5251907.1347,7656,187.790309,2541453.5473,0
2020-11-03,13568.17,14073.83,13297.04,14022.1,462.135883,1604447999999,6328840.7596,9445,265.723716,3642632.4996,0
2020-11-04,14025.0,14271.04,13535.81,14164.16,653.194706,1604534399999,9118057.736,16698,350.92271,4907527.8076,0
2020-11-05,14164.72,15770.0,14106.9,15597.5,1272.914203,1604620799999,19020294.318,30315,596.951798,8914120.3705,0
2020-11-06,15612.68,15974.48,15188.73,15591.99,983.690964,1604707199999,15346655.7985,22864,455.838307,7115651.343,0
2020-11-07,15604.59,15771.0,14362.46,14836.53,1040.533968,1604793599999,15615535.7323,22009,399.682336,6003836.4409,0
2020-11-08,14834.14,15661.87,14724.03,15492.12,449.063232,1604879999999,6854258.1316,15942,188.429857,2873370.3902,0
2020-11-09,15485.82,15841.53,14822.94,15325.67,806.192236,1604966399999,12376943.8265,25329,385.717934,5925164.9282,0
2020-11-10,15343.21,15477.81,15093.67,15316.63,372.87791,1605052799999,5705633.9737,15942,209.177674,3203577.6864,0
2020-11-11,15315.76,16005.72,15296.19,15705.56,559.502004,1605139199999,8775393.0701,20496,302.248604,4739209.8159,0
2020-11-12,15704.77,16355.17,15475.0,16311.93,823.861245,1605225599999,13162476.6075,27620,418.029924,6679169.2234,0
2020-11-13,16308.45,16487.0,15970.0,16344.71,468.754458,1605311999999,7627834.8834,17498,197.24459,3210474.6284,0
2020-11-14,16340.99,16340.99,15704.51,16080.44,464.771445,1605398399999,7421302.7531,16496,182.286851,2913347.859,0
2020-11-15,16088.93,16160.33,15800.0,15966.26,217.423047,1605484799999,3471007.3338,12466,115.40755,1843111.4066,0
2020-11-16,15966.29,16889.69,15880.6,16716.79,419.498414,1605571199999,6913644.0333,13431,233.871275,3851829.0279,0
2020-11-17,16724.1,17873.0,16567.46,17672.1,677.62579,1605657599999,11694353.5719,24046,356.912906,6157062.5073,0
2020-11-18,17682.64,18492.69,17250.0,17789.43,1038.895239,1605743999999,18556275.5772,28665,521.486486,9317550.0078,0
2020-11-19,17790.3,18186.0,17351.0,17835.39,455.635479,1605830399999,8134823.2414,18543,234.539141,4191067.5786,0
2020-11-20,17826.79,18828.26,17771.81,18680.21,594.87458,1605916799999,10936684.2625,21923,281.142123,5176103.5439,0
2020-11-21,18671.69,18981.82,18352.8,18709.97,544.948878,1606003199999,10201906.3033,21807,243.390178,4560139.7558,0
2020-11-22,18709.97,18776.79,17638.09,18441.76,630.611548,1606089599999,11562508.0386,23215,245.954349,4509504.0493,0
2020-11-23,18432.92,18768.74,18011.27,18395.08,455.453454,1606175999999,8377353.7809,21964,214.706714,3951294.0969,0
2020-11-24,18392.66,19436.21,18047.57,19189.72,900.779724,1606262399999,17016094.0862,32379,443.692484,8391125.512,0
2020-11-25,19173.02,19490.0,18501.0,18725.38,514.483707,1606348799999,9776273.5588,26328,243.088382,4625544.2602,0
2020-11-26,18723.22,18919.52,16214.18,17160.0,2110.603062,1606435199999,36430945.4433,52511,1052.411674,18170815.7749,0
2020-11-27,17158.5,17461.51,16451.02,17147.79,691.054474,1606521599999,11697747.4223,28700,329.581941,5588374.5887,0
2020-11-28,17147.79,17894.57,16875.82,17738.97,424.922997,1606607999999,7383215.8398,18174,229.865477,3999558.7708,0
2020-11-29,17739.86,18361.56,17538.92,18190.0,389.596864,1606694399999,7009360.0179,16409,192.219476,3460397.3456,0
2020-11-30,18190.0,19872.11,18190.0,19699.92,962.775164,1606780799999,18464991.2047,36023,470.381968,8996652.5606,0
2020-12-01,19699.92,19892.44,18119.0,18791.58,1538.910179,1606867199999,29366435.239,46744,830.027195,15840996.7502,0
2020-12-02,18794.5,19350.0,18342.08,19227.44,782.986643,1606953599999,14786472.4165,33255,423.538319,8002281.0797,0
2020-12-03,19230.72,19610.03,18866.41,19449.72,702.038991,1607039999999,13559241.7071,20147,415.38786,8025800.8868,0
2020-12-04,19441.07,19539.99,18579.97,18654.51,557.075932,1607126399999,10615107.6922,22305,259.971333,4955815.0307,0
2020-12-05,18652.92,19187.64,18502.87,19157.88,230.113652,1607212799999,4357301.7488,13934,122.81586,2326427.9269,0
2020-12-06,19158.52,19420.05,18870.0,19369.06,297.004801,1607299199999,5695741.8833,14319,169.038397,3242029.5148,0
2020-12-07,19381.77,19435.71,18902.25,19179.64,309.303555,1607385599999,5927308.8695,8906,157.981434,3028002.8621,0
2020-12-08,19179.37,19295.0,18173.71,18318.64,795.645242,1607471999999,14899751.8374,22706,339.292646,6362062.8959,0
2020-12-09,18312.88,18644.93,17642.04,18542.91,968.786157,1607558399999,17643941.5642,30946,445.446969,8111799.0,0
2020-12-10,18548.78,18553.56,17911.0,18249.88,514.272658,1607644799999,9385401.8286,20738,218.7594,3994485.5453,0
2020-12-11,18254.06,18291.8,17581.19,18030.84,731.202367,1607731199999,13097957.4282,22187,386.958235,6937397.2866,0
2020-12-12,18040.48,18959.0,18019.94,18818.31,431.47346,1607817599999,8009465.2674,15064,225.324356,4181189.4668,0
2020-12-13,18820.76,19405.27,18730.0,19169.37,528.684867,1607903999999,10117031.5234,16156,253.077083,4839481.4101,0
2020-12-14,19162.89,19342.47,19000.0,19269.71,398.85262,1607990399999,7652015.7273,13724,196.25274,3767012.3371,0
2020-12-15,19269.71,19561.25,19055.18,19437.99,791.857191,1608076799999,15331448.0312,22988,474.389073,9186585.5954,0
2020-12-16,19436.22,21599.13,19298.52,21350.0,1388.283786,1608163199999,28337052.6989,30217,787.165923,16047219.792,0
2020-12-17,21365.38,23777.0,21258.4,22833.3,2285.37424,1608249599999,51931487.8012,52726,1129.829587,25683566.7927,0
2020-12-18,22820.0,23285.0,22358.62,23128.61,839.805146,1608335999999,19197667.6878,32437,412.695257,9445171.1953,0
2020-12-19,23131.24,24180.0,22774.86,23849.62,721.126959,1608422399999,16964266.6469,33273,377.824921,8897243.2646,0
2020-12-20,23849.62,24303.3,23105.89,23486.62,765.492151,1608508799999,18081011.0331,30089,346.60763,8192970.8336,0
2020-12-21,23476.93,24114.68,21900.0,22723.83,972.585579,1608595199999,22428919.3383,30361,450.994009,10394129.0147,0
2020-12-22,22720.45,23831.27,22400.0,23811.2,752.527563,1608681599999,17392776.3095,30129,391.240361,9051551.2614,0
2020-12-23,23811.21,24096.93,22619.65,23217.15,954.151774,1608767999999,22386446.1035,38846,467.597526,10974332.7572,0
2020-12-24,23223.37,23780.2,22713.01,23718.85,700.058582,1608854399999,16243245.0355,31164,394.036908,9151458.5368,0
2020-12-25,23723.88,24773.31,23415.83,24707.15,847.083648,1608940799999,20414539.1802,26092,398.802025,9610506.2024,0
2020-12-26,24707.15,26848.13,24483.87,26466.72,947.022127,1609027199999,24267180.2078,36461,458.503347,11728987.3053,0
2020-12-27,26466.72,28383.51,25793.56,26247.11,1343.268909,1609113599999,36304097.913,53064,599.19135,16198233.1973,0
2020-12-28,26250.0,27463.08,26076.6,27044.37,902.515385,1609199999999,24320707.8908,39432,415.795516,11211811.3628,0
2020-12-29,27043.01,27395.79,25851.3,27368.04,934.75925,1609286399999,24903107.0922,50289,517.09959,13782379.0903,0
2020-12-30,27369.4,28996.55,27348.08,28897.45,1217.393134,1609372799999,34203497.2751,50024,636.690574,17907444.084,0
2020-12-31,28891.74,29309.0,27943.09,28960.34,1107.141334,1609459199999,31907135.1345,42830,604.39376,17443272.1863,0
2021-01-01,28978.66,29680.75,28707.56,29418.72,952.472192,1609545599999,27900129.7527,37681,591.321543,17328153.4836,0
2021-01-02,29417.27,33338.68,29050.0,32218.38,1945.276677,1609631999999,61053545.7071,62009,988.990444,30939059.7551,0
2021-01-03,32200.39,34812.93,32010.68,33111.99,1926.666883,1609718399999,64503091.8259,64029,885.694324,29646363.265,0
2021-01-04,33086.17,33655.01,27900.0,32025.23,2374.336116,1609804799999,74617446.6893,65452,1141.225714,35945567.3796,0
2021-01-05,32025.23,34500.0,29927.55,34036.08,1917.285207,1609891199999,61770553.018,72977,1025.274097,33068712.679,0
2021-01-06,34045.29,37000.0,33380.56,36856.98,1898.77712,1609977599999,66511581.7514,70629,1009.829824,35368928.1394,0
2021-01-07,36850.64,40410.02,35936.73,39479.78,2487.036031,1610063999999,95277859.9882,76154,1277.031858,48953533.6298,0
2021-01-08,39476.14,41999.0,36600.0,40622.87,2549.702734,1610150399999,101352061.8871,88368,1318.027787,52356031.4662,0
2021-01-09,40622.87,41422.99,38789.12,40256.02,1255.353046,1610236799999,50649372.6817,58283,661.165017,26681203.6885,0
2021-01-10,40242.93,41446.85,35068.09,38181.17,1912.137103,1610323199999,73967390.7222,74140,811.780308,31480164.1448,0
2021-01-11,38167.92,38280.86,30365.5,35494.0,4468.105653,1610409599999,150706892.7083,105079,2099.976109,70902049.8992,0
2021-01-12,35495.77,36610.52,32500.0,34031.16,2174.171802,1610495999999,75537037.2508,65902,1014.733966,35262309.2933,0
2021-01-13,34048.34,37818.4,32357.25,37400.0,2095.838379,1610582399999,73207331.3404,43212,1101.03693,38445345.7902,0
2021-01-14,37400.0,40100.0,36752.26,39127.1,1411.186253,1610668799999,54332645.7611,46330,698.133112,26892921.7893,0
2021-01-15,39101.96,39690.0,34362.01,36763.82,1566.958569,1610755199999,57683342.7187,60857,756.415138,27785073.3492,0
2021-01-16,36742.23,37954.56,35370.0,36025.3,995.519589,1610841599999,36598570.2972,42277,470.135543,17310736.0228,0
2021-01-17,36010.14,36846.47,33850.0,35810.0,931.696355,1610927999999,33110535.8806,44144,451.524557,16047252.8279,0
2021-01-18,35810.0,37434.5,34752.13,36610.54,746.047189,1611014399999,26918751.0774,39018,359.569058,12988197.7304,0
2021-01-19,36632.39,37866.15,35923.82,35929.45,896.234403,1611100799999,33046179.49,40711,440.033743,16249542.2157,0
2021-01-20,35929.45,36407.93,33433.2,35489.1,1154.095934,1611187199999,40357704.9488,51738,563.124613,19730712.7346,0
2021-01-21,35494.34,35615.01,30030.48,30840.03,2087.498995,1611273599999,67331226.3592,56590,962.379733,31018097.3711,0
2021-01-22,30840.03,33868.4,28951.58,32988.34,2080.729357,1611359999999,64414028.5575,44065,1080.228691,33461268.7528,0
2021-01-23,32988.34,33490.65,31418.57,32123.61,566.65744,1611446399999,18356377.094,18295,262.554035,8508110.9369,0
2021-01-24,32114.6,33087.98,30950.03,32279.09,588.250539,1611532799999,18867529.7311,18019,305.690814,9806799.2541,0
2021-01-25,32299.68,34888.0,31913.0,32283.38,882.624471,1611619199999,29486822.7482,29498,463.164434,15503074.1176,0
2021-01-26,32268.35,32968.54,30852.0,32517.86,730.255031,1611705599999,23338068.6996,42723,348.497419,11146867.9286,0
2021-01-27,32513.73,32600.0,29256.82,30418.15,1423.840562,1611791999999,43822716.8635,55469,718.389409,22163211.8719,0
2021-01-28,30428.14,33840.65,29900.0,33434.68,1195.203315,1611878399999,38275036.492,54351,597.96008,19145408.9218,0
2021-01-29,33434.68,38673.14,31977.13,34272.02,3013.853317,1611964799999,106758289.1466,98474,1452.893061,51600593.0191,0
2021-01-30,34272.05,34918.91,32852.46,34281.36,927.144932,1612051199999,31557340.6036,35052,468.951875,15968086.9913,0
2021-01-31,34306.84,34375.65,32200.0,33134.86,718.30392,1612137599999,23884723.4612,34529,312.864552,10415070.284,0
2021-02-01,33134.03,34707.6,32303.44,33546.39,1021.757709,1612223999999,34458748.4636,39671,519.710531,17539692.8043,0
2021-02-02,33544.69,36036.56,33411.85,35500.17,984.833359,1612310399999,34305896.0237,40079,512.594088,17853390.651,0
2021-02-03,35500.12,37707.41,35388.21,37678.21,1020.270104,1612396799999,37384359.6241,47253,554.266403,20313381.0348,0
2021-02-04,37695.84,38747.61,36182.22,36993.27,1736.358788,1612483199999,65309051.8189,74049,880.33022,33127241.0876,0
2021-02-05,36976.68,38363.23,36608.81,38327.41,854.686575,1612569599999,32170488.3002,44774,455.794183,17180953.116,0
2021-02-06,38330.05,41019.93,38265.38,39268.8,1456.316277,1612655999999,57843043.3049,73526,786.334589,31226856.0419,0
2021-02-07,39272.64,39736.17,37383.51,38874.13,1039.063326,1612742399999,40051115.8804,54685,501.483415,19326618.3002,0
2021-02-08,38874.13,46804.0,38055.92,46465.61,2471.149167,1612828799999,105966860.9247,85660,1362.728408,58324795.9499,0
2021-02-09,46506.58,48203.13,45040.0,46500.0,1700.343873,1612915199999,79445474.9732,67891,829.885768,38783883.9096,0
2021-02-10,46500.0,47371.09,43750.0,44908.73,1357.198795,1613001599999,61817717.2992,78115,650.649047,29646549.2681,0
2021-02-11,44908.72,48708.0,44034.06,48008.01,1546.879185,1613087999999,72302988.4136,74212,774.996963,36272120.491,0
2021-02-12,48035.12,48969.45,46231.52,47459.21,1246.721697,1613174399999,59487868.4633,58399,602.117158,28762504.1072,0
2021-02-13,47428.03,48196.66,46285.0,47216.11,737.32665,1613260799999,34879372.9354,47960,328.218221,15541256.388,0
2021-02-14,47232.84,49730.0,47086.16,48644.74,945.416159,1613347199999,45942496.7948,54107,463.422365,22512618.7845,0
2021-02-15,48660.44,49030.0,45691.42,47916.2,1148.415876,1613433599999,54648641.7852,57303,525.734658,25014415.4662,0
2021-02-16,47962.23,50623.0,47045.0,49163.4,1446.594987,1613519999999,70754534.5018,62708,736.052762,36042190.054,0
2021-02-17,49163.4,52644.51,48909.17,52136.85,1534.982964,1613606399999,78113851.2385,69208,783.318562,39880198.4389,0
2021-02-18,52162.4,52544.93,50848.12,51577.42,878.985058,1613692799999,45595092.2187,43505,454.640226,23589065.1885,0
2021-02-19,51576.24,56406.19,50732.0,55940.77,1664.962953,1613779199999,89160859.0912,80810,857.137316,46044551.7932,0
2021-02-20,55974.02,57572.0,54000.0,55952.8,1393.416358,1613865599999,78357145.9257,74400,653.01488,36763945.1194,0
2021-02-21,55918.43,58355.03,55522.01,57475.12,735.403434,1613951999999,42031101.8062,51062,376.575789,21537680.0543,0
2021-02-22,57461.89,57558.51,47303.68,54121.6,2321.627769,1614038399999,124605742.9722,91877,1130.205419,60716184.7133,0
2021-02-23,54126.6,54167.3,45000.0,48903.0,3322.143025,1614124799999,161684505.6331,104678,1622.049253,78910379.2542,0
2021-02-24,48875.0,51402.65,47001.88,49714.5,1733.212845,1614211199999,86180809.0954,56289,826.334785,41143570.365,0
2021-02-25,49711.77,52050.0,46715.23,47069.0,1446.589084,1614297599999,71768150.1065,51884,608.533622,30280960.7327,0
2021-02-26,47054.93,48446.11,44112.21,46303.07,1494.62525,1614383999999,69580045.1294,65647,669.759389,31268855.1661,0
2021-02-27,46342.25,48375.86,45052.66,46160.47,860.015369,1614470399999,40467960.5101,44780,424.220802,19968208.9121,0
2021-02-28,46154.79,46648.73,43020.0,45213.99,1362.865963,1614556799999,60753815.3542,48706,659.771812,29469882.1997,0
2021-03-01,45244.96,49838.08,45048.39,49654.77,1407.125073,1614643199999,67451511.3142,46361,716.939496,34376659.9812,0
2021-03-02,49660.52,50273.12,47067.99,48476.33,870.647096,1614729599999,42295817.5516,37090,426.051365,20704621.5776,0
2021-03-03,48468.49,52644.44,48157.45,50421.19,1281.919083,1614815999999,64963612.4413,43006,616.078038,31198244.4252,0
2021-03-04,50395.09,51795.82,47500.0,48377.78,1235.676017,1614902399999,61097017.1356,43976,578.756314,28650717.5425,0
2021-03-05,48380.55,49472.53,46256.38,48773.99,1246.044197,1614988799999,59423841.03,40529,585.301613,27943013.2148,0
2021-03-06,48784.14,49199.0,47074.63,48872.23,586.566392,1615075199999,28344358.4762,24673,267.535342,12941181.4375,0
2021-03-07,48917.43,51469.91,48902.65,50974.98,802.433098,1615161599999,40364858.6399,29911,376.791329,18953884.9453,0
2021-03-08,50959.28,52410.35,49329.8,52410.35,845.568992,1615247999999,43150887.6739,32048,411.887246,21049906.0155,0
2021-03-09,52396.47,54920.83,51866.2,54920.8,1118.241912,1615334399999,60281006.5667,41855,597.74608,32233647.9348,0
2021-03-10,54900.04,57418.6,53038.45,55872.56,1287.183674,1615420799999,71516751.9058,50608,617.411251,34312273.3988,0
2021-03-11,55831.95,58172.9,54275.5,57777.03,947.855106,1615507199999,53699715.2305,41799,457.424682,25958484.9068,0
2021-03-12,57824.91,58071.58,55051.0,57222.91,908.147941,1615593599999,51546129.3595,37994,413.717937,23505099.8959,0
2021-03-13,57229.24,61790.24,56049.99,61179.21,1060.5329,1615679999999,62952625.3272,46815,539.387364,31969252.3963,0
2021-03-14,61181.07,61672.3,58964.0,59000.0,659.403884,1615766399999,39746135.932,37284,314.017873,18933388.373,0
2021-03-15,58967.0,60604.69,54550.0,55679.63,1425.134166,1615852799999,81580486.0577,61177,692.919639,39694251.4316,0
2021-03-16,55611.77,56914.97,53223.0,56911.22,1235.260836,1615939199999,68011011.9317,63475,600.496001,33116900.1226,0
2021-03-17,56921.81,58985.96,54111.95,58921.41,1003.503211,1616025599999,56755631.9091,59434,494.946869,27989496.4014,0
2021-03-18,58923.03,60099.0,56970.3,57634.37,864.635508,1616111999999,50674410.5787,51583,427.668176,25105926.6105,0
2021-03-19,57639.48,59455.07,56240.5,58055.84,658.551777,1616198399999,38366299.5827,41852,301.284455,17575851.7477,0
2021-03-20,58015.78,59944.61,57840.69,58100.73,503.420937,1616284799999,29640480.8915,35868,244.921456,14431276.6225,0
2021-03-21,58078.28,58608.88,55509.0,57355.94,610.112481,1616371199999,34895248.9191,40905,270.991721,15521264.1996,0
2021-03-22,57365.09,58427.14,53707.5,54071.04,1005.230335,1616457599999,56240800.4458,55211,474.959975,26582869.5026,0
2021-03-23,54088.94,55839.36,53000.0,54377.15,929.310793,1616543999999,50752359.9139,47057,444.303333,24334300.3093,0
2021-03-24,54365.04,57190.63,51645.78,52283.88,1246.769113,1616630399999,68086485.2885,59913,584.585869,31972028.0346,0
2021-03-25,52283.88,53231.67,50411.0,51285.49,1211.173187,1616716799999,62842102.7009,60016,569.567169,29601066.4484,0
2021-03-26,51294.02,55111.81,51250.18,55075.58,973.930857,1616803199999,51895038.1063,42729,522.290066,27862639.1326,0
2021-03-27,55050.22,56610.0,53962.32,55845.23,689.899837,1616889599999,38174845.9286,33510,338.721917,18773323.0101,0
2021-03-28,55845.23,56526.55,54698.57,55783.89,501.204011,1616975999999,27925543.8327,29496,217.653698,12139919.4328,0
2021-03-29,55786.67,58400.0,54900.7,57614.15,742.014715,1617062399999,42427822.864,43275,410.487071,23464376.9426,0
2021-03-30,57610.34,59405.87,57035.01,58799.98,653.759897,1617148799999,38137065.6823,37505,339.619958,19827723.7669,0
2021-03-31,58766.87,59817.86,56800.0,58791.65,930.771838,1617235199999,54585217.772,43408,444.565397,26112803.6211,0
2021-04-01,58785.66,59475.33,57908.54,58713.5,596.082924,1617321599999,35032845.1236,39112,304.082172,17886612.6976,0
2021-04-02,58714.99,60250.0,58440.32,58989.99,607.916002,1617407999999,36060087.5078,36275,308.432629,18313871.0118,0
2021-04-03,58982.26,59796.56,56921.44,57103.96,663.466733,1617494399999,38803877.8735,36068,258.248371,15134328.7002,0
2021-04-04,57064.46,58508.0,56382.48,58203.08,547.233766,1617580799999,31491044.0048,28899,254.853983,14684556.4599,0
2021-04-05,58215.08,59251.37,56819.12,59128.34,574.112095,1617667199999,33462747.0533,33863,272.410908,15932759.7495,0
2021-04-06,59120.79,59499.0,57355.82,58018.92,653.826992,1617753599999,38135102.837,40534,314.711957,18374237.1051,0
2021-04-07,58018.2,58629.96,55437.11,55928.93,1527.335961,1617839999999,86700210.9083,67996,729.82021,41408786.209,0
2021-04-08,55928.92,58129.53,55694.67,58079.35,638.399075,1617926399999,36525284.8595,43589,314.084294,17997611.6147,0
2021-04-09,58070.02,58888.0,57647.49,58111.31,581.598704,1618012799999,33870917.9215,35039,316.34037,18433848.4827,0
2021-04-10,58108.74,61250.0,57869.41,59760.11,1111.297907,1618099199999,66544396.2003,52799,531.993925,31840166.0662,0
2021-04-11,59758.45,60668.3,59160.77,59967.76,488.19805,1618185599999,29205202.8716,30363,245.185506,14674987.4358,0
2021-04-12,59979.59,61210.99,59362.91,59839.08,878.792908,1618271999999,52824829.9918,43822,386.658734,23251418.8637,0
2021-04-13,59836.43,63775.89,59769.63,63588.93,1461.735395,1618358399999,91080727.9575,72613,747.43084,46644981.1098,0
2021-04-14,63593.68,64967.23,61208.0,62971.33,1607.718744,1618444799999,101531222.5828,77773,763.637219,48287394.4673,0
2021-04-15,62971.27,63866.3,62013.24,63238.42,780.790902,1618531199999,49089947.1053,56308,364.518434,22937370.0784,0
2021-04-16,63236.41,63584.65,60062.94,61420.0,1344.490155,1618617599999,82827269.1947,75442,624.443531,38442077.8159,0
2021-04-17,61424.4,62561.4,59658.3,60064.21,884.757652,1618703999999,54127894.736,59838,433.81664,26546027.6341,0
2021-04-18,60067.69,60433.33,51722.01,56273.44,3310.639845,1618790399999,184213548.421,139009,1816.984829,101089550.4366,0
2021-04-19,56264.69,57600.0,54262.74,55665.92,1987.821625,1618876799999,111361275.56,85406,893.263591,50073059.237,0
2021-04-20,55672.62,57117.1,53415.7,56480.59,2420.711033,1618963199999,134193443.4138,96667,1189.450646,66042065.8776,0
2021-04-21,56480.59,56809.51,53631.99,53800.2,1559.347752,1619049599999,86188888.3884,83268,718.459006,39769258.7967,0
2021-04-22,53790.01,55459.57,50418.93,51695.03,2323.871849,1619135999999,123994980.1801,106586,1077.430686,57477780.5086,0
2021-04-23,51695.02,52130.67,47475.0,51146.29,2497.886993,1619222399999,124439269.4679,119460,1273.309149,63541048.6264,0
2021-04-24,51171.36,51215.5,48721.97,50083.28,1083.130304,1619308799999,54216442.1269,59488,552.58751,27651335.0149,0
2021-04-25,50090.88,50600.0,47011.0,49097.64,1484.452457,1619395199999,73017575.2716,67700,716.993022,35256184.8574,0
2021-04-26,49117.13,54413.68,48826.43,54064.63,1751.42434,1619481599999,92367333.6876,83129,983.946256,51867898.8515,0
2021-04-27,54057.24,55514.99,53301.48,55070.0,949.066869,1619567999999,51887103.6611,67395,502.189367,27478090.102,0
2021-04-28,55070.0,56491.0,53874.16,54875.37,972.706959,1619654399999,53417875.993,66664,475.726042,26121943.4429,0
2021-04-29,54885.72,55223.0,52352.95,53595.5,858.743314,1619740799999,46100614.035,57384,410.673606,22059150.8198,0
2021-04-30,53584.45,58009.15,53066.93,57792.2,1146.900246,1619827199999,64207466.1291,70636,605.783275,33898926.4262,0
2021-05-01,57792.2,58526.98,57020.68,57859.07,736.471447,1619913599999,42623315.0722,52052,337.909844,19559832.4013,0
2021-05-02,57859.08,57967.96,56084.56,56612.76,646.747119,1619999999999,36733364.3212,44774,295.233832,16766041.2817,0
2021-05-03,56601.65,58978.28,56500.0,57220.34,1031.095743,1620086399999,59482619.365,63895,497.211286,28705128.5201,0
2021-05-04,57220.6,57244.87,53122.78,53235.1,1646.841949,1620172799999,90651997.3854,99742,829.690153,45644689.2411,0
2021-05-05,53225.99,56372.85,52946.9,55960.92,754.182156,1620259199999,41513981.9796,54114,416.878951,22958176.9893,0
2021-05-05 00:00:00,53225.9900,56372.8500,52946.9000,55899.4900,758.19279900,1620259199999,41738041.8328,54299,418.63742100,23056425.1666,0
